{
    "greetings": "{\n  \"greetings\": \"Hello esm\"\n}\n",
    "prediction": "[\n  0, \n  1, \n  1, \n  1, \n  1\n]\n",
    "scoring": "[\n  \"0.5714286\", \n  \"0.5714286\", \n  \"0.5714286\", \n  \"0.5714286\", \n  \"0.5714286\", \n  \"0.5714286\", \n  \"0.5714286\", \n  \"0.5714286\", \n  \"0.5714286\", \n  \"0.5714286\", \n  \"0.5714286\", \n  \"0.5714286\", \n  \"0.5714286\", \n  \"0.5714286\", \n  \"0.5714286\", \n  \"0.5714286\", \n  \"0.5714286\", \n  \"0.5714286\", \n  \"0.5714286\", \n  \"0.5714286\", \n  \"0.5714286\", \n  \"0.5714286\", \n  \"0.5714286\", \n  \"0.5714286\", \n  \"0.5714286\", \n  \"0.5714286\", \n  \"0.5714286\", \n  \"0.5714286\", \n  \"0.5714286\", \n  \"0.5714286\", \n  \"0.5714286\", \n  \"0.5714286\", \n  \"0.5714286\", \n  \"0.5714286\", \n  \"0.5714286\", \n  \"0.5714286\", \n  \"0.5714286\", \n  \"0.5714286\", \n  \"0.5714286\", \n  \"0.5714286\", \n  \"0.5714286\", \n  \"0.5714286\", \n  \"0.5714286\", \n  \"0.5714286\", \n  \"0.5714286\", \n  \"0.5714286\", \n  \"0.5714286\", \n  \"0.5714286\", \n  \"0.5714286\", \n  \"0.5714286\", \n  \"0.5714286\", \n  \"0.5714286\", \n  \"0.5714286\", \n  \"0.5714286\", \n  \"0.5714286\", \n  \"0.5714286\", \n  \"0.5714286\", \n  \"0.5714286\", \n  \"0.5714286\", \n  \"0.5714286\", \n  \"0.5714286\", \n  \"0.5714286\", \n  \"0.5714286\", \n  \"0.5714286\", \n  \"0.5714286\", \n  \"0.5714286\", \n  \"0.5714286\", \n  \"0.5714286\", \n  \"0.5714286\", \n  \"0.5714286\", \n  \"0.5714286\", \n  \"0.5714286\", \n  \"0.5714286\", \n  \"0.5714286\", \n  \"0.5714286\", \n  \"0.5714286\", \n  \"0.5714286\", \n  \"0.5714286\", \n  \"0.5714286\", \n  \"0.5714286\", \n  \"0.5714286\", \n  \"0.5714286\", \n  \"0.5714286\", \n  \"0.5714286\", \n  \"0.5714286\", \n  \"0.5714286\", \n  \"0.5714286\", \n  \"0.5714286\", \n  \"0.5714286\", \n  \"0.5714286\", \n  \"0.5714286\", \n  \"0.5714286\", \n  \"0.5714286\", \n  \"0.5714286\", \n  \"0.5714286\", \n  \"0.5714286\", \n  \"0.5714286\", \n  \"0.5714286\", \n  \"0.5714286\", \n  \"0.5714286\", \n  \"0.5714286\", \n  \"0.5714286\", \n  \"0.5714286\", \n  \"0.5714286\", \n  \"0.5714286\", \n  \"0.5714286\"\n]\n",
    "summarystats": "{\n  \"exited\": {\n    \"max\": 1.0, \n    \"mean\": 0.5, \n    \"median\": 0.5, \n    \"min\": 0.0, \n    \"std\": 0.5163977795\n  }, \n  \"lastmonth_activity\": {\n    \"max\": 929.0, \n    \"mean\": 157.25, \n    \"median\": 74.5, \n    \"min\": 0.0, \n    \"std\": 261.7063239587\n  }, \n  \"lastyear_activity\": {\n    \"max\": 10983.0, \n    \"mean\": 1934.8125, \n    \"median\": 1005.0, \n    \"min\": 67.0, \n    \"std\": 2670.3465247979\n  }, \n  \"number_of_employees\": {\n    \"max\": 103.0, \n    \"mean\": 20.875, \n    \"median\": 13.0, \n    \"min\": 1.0, \n    \"std\": 25.6563832213\n  }\n}\n",
    "diagnostics": "{\n  \"execution_times\": {\n    \"ingestion.py\": [\n      1.0021644\n    ], \n    \"training.py\": [\n      2.0234286\n    ]\n  }, \n  \"outdated_packages\": {\n    \"Latest\": {\n      \"0\": \"2.0.12\", \n      \"1\": \"2.0.3\", \n      \"2\": \"4.29.1\", \n      \"3\": \"20.1.0\", \n      \"4\": \"4.11.1\", \n      \"5\": \"3.1.0\", \n      \"6\": \"6.9.1\", \n      \"7\": \"2.1.0\", \n      \"8\": \"1.1.0\", \n      \"9\": \"4.9.2\", \n      \"10\": \"23.5.0\", \n      \"11\": \"1.3.2\", \n      \"12\": \"2.1.0\", \n      \"13\": \"3.5.1\", \n      \"14\": \"0.7.0\", \n      \"15\": \"2.0.2\", \n      \"16\": \"0.5.11\", \n      \"17\": \"6.4.2\", \n      \"18\": \"1.21.5\", \n      \"19\": \"1.3.5\", \n      \"20\": \"9.0.1\", \n      \"21\": \"22.0.3\", \n      \"22\": \"2.5.0\", \n      \"23\": \"3.0.28\", \n      \"24\": \"3.0.7\", \n      \"25\": \"6.0.1\", \n      \"26\": \"3.0.3\", \n      \"27\": \"1.0.2\", \n      \"28\": \"0.11.2\", \n      \"29\": \"60.9.3\", \n      \"30\": \"4.4.0\", \n      \"31\": \"3.1.0\", \n      \"32\": \"4.1.1\", \n      \"33\": \"5.1.0\", \n      \"34\": \"2.0.3\"\n    }, \n    \"Package\": {\n      \"0\": \"charset-normalizer\", \n      \"1\": \"Flask\", \n      \"2\": \"fonttools\", \n      \"3\": \"gunicorn\", \n      \"4\": \"importlib-metadata\", \n      \"5\": \"intervaltree\", \n      \"6\": \"ipykernel\", \n      \"7\": \"itsdangerous\", \n      \"8\": \"joblib\", \n      \"9\": \"jupyter-core\", \n      \"10\": \"keyring\", \n      \"11\": \"kiwisolver\", \n      \"12\": \"MarkupSafe\", \n      \"13\": \"matplotlib\", \n      \"14\": \"mccabe\", \n      \"15\": \"mistune\", \n      \"16\": \"nbclient\", \n      \"17\": \"nbconvert\", \n      \"18\": \"numpy\", \n      \"19\": \"pandas\", \n      \"20\": \"Pillow\", \n      \"21\": \"pip\", \n      \"22\": \"platformdirs\", \n      \"23\": \"prompt-toolkit\", \n      \"24\": \"pyparsing\", \n      \"25\": \"python-slugify\", \n      \"26\": \"QDarkStyle\", \n      \"27\": \"scikit-learn\", \n      \"28\": \"seaborn\", \n      \"29\": \"setuptools\", \n      \"30\": \"Sphinx\", \n      \"31\": \"threadpoolctl\", \n      \"32\": \"typing_extensions\", \n      \"33\": \"ujson\", \n      \"34\": \"Werkzeug\"\n    }, \n    \"Version\": {\n      \"0\": \"2.0.11\", \n      \"1\": \"1.1.2\", \n      \"2\": \"4.25.0\", \n      \"3\": \"20.0.4\", \n      \"4\": \"3.10.1\", \n      \"5\": \"3.0.2\", \n      \"6\": \"6.9.0\", \n      \"7\": \"1.1.0\", \n      \"8\": \"1.0.1\", \n      \"9\": \"4.9.1\", \n      \"10\": \"23.4.0\", \n      \"11\": \"1.3.1\", \n      \"12\": \"2.0.1\", \n      \"13\": \"3.5.0\", \n      \"14\": \"0.6.1\", \n      \"15\": \"0.8.4\", \n      \"16\": \"0.5.10\", \n      \"17\": \"6.4.1\", \n      \"18\": \"1.21.2\", \n      \"19\": \"1.2.2\", \n      \"20\": \"8.4.0\", \n      \"21\": \"21.2.2\", \n      \"22\": \"2.4.1\", \n      \"23\": \"3.0.26\", \n      \"24\": \"3.0.4\", \n      \"25\": \"5.0.2\", \n      \"26\": \"3.0.2\", \n      \"27\": \"0.24.1\", \n      \"28\": \"0.11.1\", \n      \"29\": \"58.0.4\", \n      \"30\": \"1.8.5\", \n      \"31\": \"2.1.0\", \n      \"32\": \"4.0.1\", \n      \"33\": \"4.2.0\", \n      \"34\": \"1.0.1\"\n    }\n  }, \n  \"percent_missing\": {\n    \"corporation\": 0.0, \n    \"exited\": 0.0, \n    \"lastmonth_activity\": 0.0, \n    \"lastyear_activity\": 0.0, \n    \"number_of_employees\": 0.0\n  }\n}\n"
}